{
  "site": {
    "version": 0.3,
    "name": "HIRESMART",
    "domain": "hiresmart.app",
    "url": "https://hiresmart.app",
    "title": "HIRESMART - Streamline your hiring process, scheduling interviews and tracking candidates.",
    "description": "An online application to streamline your hiring process, scheduling interviews and tracking candidates.",
    "keywords": "hiring, recruiter, recruitment, staffing, onboarding, tracking, interviews, feedback, candidate, streamline",
    "author": "HIRESMART",
    "copyright": "HIRESMART",
    "applicationName": "HIRESMART",
    "copyright_year": 2018,
    "image": "logo.png"
  },

  "date": {
    "format": {
      "date": "YYYY-MM-DD",
      "time": "hh:mm a",
      "nice": {
        "date": "Do MMM",
        "time": "h:mm A"
      }
    }
  },

  "kanban": {
    "columns": [
      { "key": "shortlisted", "name": "Shortlisted", "color": "#9E9E9E", "feedback": false, "help": "The candidate is considered for interview." },
      { "key": "progress", "name": "In Progress", "color": "#2196F3", "feedback": false, "help": "The candidate is currently under interview process." },
      { "key": "hold", "name": "On Hold", "color": "#FF9800", "feedback": true, "help": "On basis of interview feedback, the candidate is not yet rejected or selected." },
      { "key": "rejected", "name": "Rejected", "color": "#FF5722", "feedback": true, "help": "The candidate profile was not suitable for the job opening." },
      { "key": "selected", "name": "Selected", "color": "#4CAF50", "feedback": true, "help": "THe candidate has successfully cleared the interview and is selected for the job opening." }
    ]
  },

  "interview": {
    "modes": [
      { "key": "telephonic", "name": "Telephonic" },
      { "key": "online", "name": "Online Video/Audio" },
      { "key": "f2f", "name": "Face to face" },
      { "key": "assignment", "name": "Assignment" }
    ]
  },

  "candidate": {
    "resume": {
      "path": "uploads"
    }
  }
}
